<prezi xsi:schemaLocation="http://prezi.com/schema/prezi/2 http://prezi.com/schema/prezi/2" xmlns:xsi="http://www.w3.org/2001/XMLSchema-instance" version="2" xmlns="http://prezi.com/schema/prezi/2"><xFields><xField name="preziType"><xEnum type="PreziType" value="converted-from-core"/></xField></xFields><background><background><layers><array><backgroundImage><depth><double value="0"/></depth><fadeScale><double value="5.1938448841764595"/></fadeScale><width><double value="1900"/></width><height><double value="1425"/></height><onlineAssetId><string value="633667107"/></onlineAssetId><onlineAssetUrl><string value="http://0103.static.prezi.com.s3.amazonaws.com/media/4/4/6/318d179356d0288dd1d3701fcdc40e7291fb3.jpg"/></onlineAssetUrl><assetSourceFilename><string value="White_Board-01.jpg"/></assetSourceFilename><localToWorld><transform2D x="-26.32679383730408" y="-453.90083435654907" scale="27.269697854484203" rotation="0"/></localToWorld></backgroundImage></array></layers></background></background><documentStyle><documentStyle><fontClasses><array><fontClass><fontFamily><string value="PTSans"/></fontFamily><name><string value="body"/></name></fontClass><fontClass><fontFamily><string value="WayRale"/></fontFamily><name><string value="custom-wayrale"/></name></fontClass><fontClass><fontFamily><string value="danielbd"/></fontFamily><name><string value="head"/></name></fontClass><fontClass><fontFamily><string value="OpenSansB"/></fontFamily><fontWeight><fontWeight value="bold"/></fontWeight><name><string value="strong"/></name></fontClass></array></fontClasses><fontFamilies><array><fontFamily><fontFaces><array><fontFace><fontSrc><string value="OpenSans-XB.keg"/></fontSrc><fontWeight><fontWeight value="bold"/></fontWeight></fontFace><fontFace><fontSrc><string value="OpenSans-SB.keg"/></fontSrc></fontFace><fontFace><fontSrc><string value="OpenSans-SBI.keg"/></fontSrc><fontStyle><fontStyle value="italic"/></fontStyle></fontFace><fontFace><fontSrc><string value="OpenSans-XBI.keg"/></fontSrc><fontStyle><fontStyle value="italic"/></fontStyle><fontWeight><fontWeight value="bold"/></fontWeight></fontFace></array></fontFaces><name><string value="OpenSansB"/></name></fontFamily><fontFamily><fontFaces><array><fontFace><fontSrc><string value="PTSans.keg"/></fontSrc></fontFace><fontFace><fontSrc><string value="PTSans-B.keg"/></fontSrc><fontWeight><fontWeight value="bold"/></fontWeight></fontFace><fontFace><fontSrc><string value="PTSans-I.keg"/></fontSrc><fontStyle><fontStyle value="italic"/></fontStyle></fontFace><fontFace><fontSrc><string value="PTSans-BI.keg"/></fontSrc><fontStyle><fontStyle value="italic"/></fontStyle><fontWeight><fontWeight value="bold"/></fontWeight></fontFace></array></fontFaces><name><string value="PTSans"/></name></fontFamily><fontFamily><fontFaces><array><fontFace><fontSrc><string value="WayRale-Regular.keg"/></fontSrc></fontFace><fontFace><fontSrc><string value="WayRale-BoldItalic.keg"/></fontSrc><fontStyle><fontStyle value="italic"/></fontStyle><fontWeight><fontWeight value="bold"/></fontWeight></fontFace><fontFace><fontSrc><string value="WayRale-Italic.keg"/></fontSrc><fontStyle><fontStyle value="italic"/></fontStyle></fontFace><fontFace><fontSrc><string value="WayRale-Bold.keg"/></fontSrc><fontWeight><fontWeight value="bold"/></fontWeight></fontFace></array></fontFaces><name><string value="WayRale"/></name></fontFamily><fontFamily><fontFaces><array><fontFace><fontSrc><string value="danielbd.keg"/></fontSrc></fontFace></array></fontFaces><name><string value="danielbd"/></name></fontFamily></array></fontFamilies><styleDeclarations><array><styleDeclaration><styleBlock><styleBlock><gradEndAlpha><double value="0.7"/></gradEndAlpha><gradStartAlpha><double value="0.5"/></gradStartAlpha></styleBlock></styleBlock><styleSelector><simpleSelector value="zCircle"/></styleSelector></styleDeclaration><styleDeclaration><styleBlock><styleBlock><color><color value="#3FC0FF"/></color><gradEndColor><color value="#3FC0FF"/></gradEndColor><gradStartColor><color value="#3FC0FF"/></gradStartColor><fillType><fillType value="linear"/></fillType></styleBlock></styleBlock><styleSelector><simpleSelector value="*.line1"/></styleSelector></styleDeclaration><styleDeclaration><styleBlock><styleBlock><color><color value="#FF0000"/></color><gradEndColor><color value="#FF0000"/></gradEndColor><gradStartColor><color value="#FF0000"/></gradStartColor><fillType><fillType value="linear"/></fillType><borderColor><color value="#FFFFFF"/></borderColor></styleBlock></styleBlock><styleSelector><simpleSelector value="*.line2"/></styleSelector></styleDeclaration><styleDeclaration><styleBlock><styleBlock><color><color value="#333333"/></color><gradEndAlpha><double value="1"/></gradEndAlpha><gradEndColor><color value="#333333"/></gradEndColor><gradStartAlpha><double value="1"/></gradStartAlpha><gradStartColor><color value="#333333"/></gradStartColor><fillType><fillType value="linear"/></fillType></styleBlock></styleBlock><styleSelector><simpleSelector value="*.line3"/></styleSelector></styleDeclaration><styleDeclaration><styleBlock><styleBlock><color><color value="#FFBE00"/></color><gradEndColor><color value="#FFBE00"/></gradEndColor><gradStartColor><color value="#FFBE00"/></gradStartColor><fillType><fillType value="linear"/></fillType></styleBlock></styleBlock><styleSelector><simpleSelector value="*.line4"/></styleSelector></styleDeclaration><styleDeclaration><styleBlock><styleBlock><color><color value="#333333"/></color><gradEndColor><color value="#333333"/></gradEndColor><gradStartColor><color value="#333333"/></gradStartColor><fillType><fillType value="linear"/></fillType></styleBlock></styleBlock><styleSelector><simpleSelector value="*.line5"/></styleSelector></styleDeclaration><styleDeclaration><styleBlock><styleBlock><gradEndAlpha><double value="0"/></gradEndAlpha><gradEndColor><color value="#FFFFFF"/></gradEndColor><gradStartAlpha><double value="0"/></gradStartAlpha><gradStartColor><color value="#FFFFFF"/></gradStartColor><fillType><fillType value="linear"/></fillType><borderColor><color value="#EAE24F"/></borderColor><borderThickness><double value="15"/></borderThickness></styleBlock></styleBlock><styleSelector><simpleSelector value="*.poly1"/></styleSelector></styleDeclaration><styleDeclaration><styleBlock><styleBlock><gradEndAlpha><double value="0"/></gradEndAlpha><gradEndColor><color value="#FFFFFF"/></gradEndColor><gradStartAlpha><double value="0"/></gradStartAlpha><gradStartColor><color value="#FFFFFF"/></gradStartColor><fillType><fillType value="linear"/></fillType><borderColor><color value="#DB971F"/></borderColor><borderThickness><double value="15"/></borderThickness></styleBlock></styleBlock><styleSelector><simpleSelector value="*.poly2"/></styleSelector></styleDeclaration><styleDeclaration><styleBlock><styleBlock><gradEndAlpha><double value="0"/></gradEndAlpha><gradEndColor><color value="#FFFFFF"/></gradEndColor><gradStartAlpha><double value="0"/></gradStartAlpha><gradStartColor><color value="#FFFFFF"/></gradStartColor><fillType><fillType value="linear"/></fillType><borderColor><color value="#3BA7C4"/></borderColor><borderThickness><double value="15"/></borderThickness></styleBlock></styleBlock><styleSelector><simpleSelector value="*.poly3"/></styleSelector></styleDeclaration><styleDeclaration><styleBlock><styleBlock><gradEndAlpha><double value="0"/></gradEndAlpha><gradEndColor><color value="#FFFFFF"/></gradEndColor><gradStartAlpha><double value="0"/></gradStartAlpha><gradStartColor><color value="#FFFFFF"/></gradStartColor><fillType><fillType value="linear"/></fillType><borderColor><color value="#1C4F8C"/></borderColor><borderThickness><double value="15"/></borderThickness></styleBlock></styleBlock><styleSelector><simpleSelector value="*.poly4"/></styleSelector></styleDeclaration><styleDeclaration><styleBlock><styleBlock><gradEndAlpha><double value="0"/></gradEndAlpha><gradEndColor><color value="#FFFFFF"/></gradEndColor><gradStartAlpha><double value="0"/></gradStartAlpha><gradStartColor><color value="#FFFFFF"/></gradStartColor><fillType><fillType value="linear"/></fillType><borderColor><color value="#76A523"/></borderColor><borderThickness><double value="15"/></borderThickness></styleBlock></styleBlock><styleSelector><simpleSelector value="*.poly5"/></styleSelector></styleDeclaration><styleDeclaration><styleBlock><styleBlock><gradEndColor><color value="#D9D4C0"/></gradEndColor><gradStartColor><color value="#D9D4C0"/></gradStartColor><fillType><fillType value="linear"/></fillType></styleBlock></styleBlock><styleSelector><simpleSelector value="background"/></styleSelector></styleDeclaration><styleDeclaration><styleBlock><styleBlock><gradEndColor><color value="#333333"/></gradEndColor><gradStartColor><color value="#333333"/></gradStartColor><fillType><fillType value="linear"/></fillType><borderColor><color value="#FFFFFF"/></borderColor><borderThickness><double value="0"/></borderThickness></styleBlock></styleBlock><styleSelector><simpleSelector value="zArrow"/></styleSelector></styleDeclaration><styleDeclaration><styleBlock><styleBlock><gradEndAlpha><double value="1"/></gradEndAlpha><gradStartAlpha><double value="1"/></gradStartAlpha><borderAlpha><double value="1"/></borderAlpha><radius><double value="0"/></radius><thickness><double value="100"/></thickness></styleBlock></styleBlock><styleSelector><simpleSelector value="zCircle"/></styleSelector></styleDeclaration><styleDeclaration><styleBlock><styleBlock><color><color value="#333333"/></color></styleBlock></styleBlock><styleSelector><simpleSelector value="zPencil"/></styleSelector></styleDeclaration><styleDeclaration><styleBlock><styleBlock><gradEndColor><color value="#B2B2B2"/></gradEndColor><gradStartColor><color value="#B2B2B2"/></gradStartColor><fillType><fillType value="linear"/></fillType><borderColor><color value="#B2B2B2"/></borderColor><borderThickness><double value="0"/></borderThickness><thickness><double value="10"/></thickness></styleBlock></styleBlock><styleSelector><simpleSelector value="zBracketFrame"/></styleSelector></styleDeclaration><styleDeclaration><styleBlock><styleBlock><gradEndColor><color value="#004F75"/></gradEndColor><gradStartColor><color value="#004F75"/></gradStartColor><fillType><fillType value="linear"/></fillType><borderColor><color value="#004F75"/></borderColor><borderThickness><double value="0"/></borderThickness><thickness><double value="10"/></thickness></styleBlock></styleBlock><styleSelector><simpleSelector value="zCircleFrame"/></styleSelector></styleDeclaration><styleDeclaration><styleBlock><styleBlock><gradEndColor><color value="#3FC0FF"/></gradEndColor><gradStartColor><color value="#3FC0FF"/></gradStartColor><fillType><fillType value="linear"/></fillType><borderColor><color value="#3FC0FF"/></borderColor><borderThickness><double value="0"/></borderThickness></styleBlock></styleBlock><styleSelector><simpleSelector value="zRectangleFrame"/></styleSelector></styleDeclaration><styleDeclaration><styleBlock><styleBlock><padding><double value="1.2"/></padding></styleBlock></styleBlock><styleSelector><simpleSelector value="zText"/></styleSelector></styleDeclaration><styleDeclaration><styleBlock><styleBlock><color><color value="#7A8082"/></color><fontClass><string value="body"/></fontClass></styleBlock></styleBlock><styleSelector><simpleSelector value="zText.body"/></styleSelector></styleDeclaration><styleDeclaration><styleBlock><styleBlock><color><color value="#000000"/></color><fontClass><string value="head"/></fontClass></styleBlock></styleBlock><styleSelector><simpleSelector value="zText.title"/></styleSelector></styleDeclaration><styleDeclaration><styleBlock><styleBlock><color><color value="#000000"/></color><fontClass><string value="strong"/></fontClass></styleBlock></styleBlock><styleSelector><simpleSelector value="zText.subtitle"/></styleSelector></styleDeclaration><styleDeclaration><styleBlock><styleBlock><color><color value="#333333"/></color></styleBlock></styleBlock><styleSelector><simpleSelector value="zLine"/></styleSelector></styleDeclaration><styleDeclaration><styleBlock><styleBlock><color><color value="#00E1FF"/></color><alpha><double value="0.3"/></alpha></styleBlock></styleBlock><styleSelector><simpleSelector value="zMarker"/></styleSelector></styleDeclaration><styleDeclaration><styleBlock><styleBlock><gradEndAlpha><double value="1"/></gradEndAlpha><gradStartAlpha><double value="1"/></gradStartAlpha><borderAlpha><double value="1"/></borderAlpha><radius><double value="0"/></radius><thickness><double value="100"/></thickness></styleBlock></styleBlock><styleSelector><simpleSelector value="zTriangle"/></styleSelector></styleDeclaration><styleDeclaration><styleBlock><styleBlock><gradEndAlpha><double value="1"/></gradEndAlpha><gradStartAlpha><double value="1"/></gradStartAlpha><borderAlpha><double value="1"/></borderAlpha><radius><double value="0"/></radius><thickness><double value="100"/></thickness></styleBlock></styleBlock><styleSelector><simpleSelector value="zSquare"/></styleSelector></styleDeclaration><styleDeclaration><styleBlock><styleBlock><gradEndColor><color value="#FFF808"/></gradEndColor><gradStartColor><color value="#FFF808"/></gradStartColor><fillType><fillType value="linear"/></fillType><borderColor><color value="#FFFFFF"/></borderColor><borderThickness><double value="-1"/></borderThickness></styleBlock></styleBlock><styleSelector><simpleSelector value="arrow"/></styleSelector></styleDeclaration><styleDeclaration><styleBlock><styleBlock><borderAlpha><double value="1"/></borderAlpha><radius><double value="0"/></radius><thickness><double value="100"/></thickness></styleBlock></styleBlock><styleSelector><simpleSelector value="circle"/></styleSelector></styleDeclaration><styleDeclaration><styleBlock><styleBlock><gradEndColor><color value="#C5C3C3"/></gradEndColor><gradStartColor><color value="#FFFFFF"/></gradStartColor><fillType><fillType value="linear"/></fillType><borderColor><color value="#FFFFFF"/></borderColor><borderThickness><double value="0"/></borderThickness><thickness><double value="7"/></thickness></styleBlock></styleBlock><styleSelector><simpleSelector value="frame.bracket"/></styleSelector></styleDeclaration><styleDeclaration><styleBlock><styleBlock><gradEndColor><color value="#333333"/></gradEndColor><gradStartColor><color value="#333333"/></gradStartColor><fillType><fillType value="linear"/></fillType><borderColor><color value="#999999"/></borderColor><borderThickness><double value="0"/></borderThickness></styleBlock></styleBlock><styleSelector><simpleSelector value="frame.circle"/></styleSelector></styleDeclaration><styleDeclaration><styleBlock><styleBlock><gradEndColor><color value="#000000"/></gradEndColor><gradStartColor><color value="#000000"/></gradStartColor><fillType><fillType value="linear"/></fillType><borderColor><color value="#FFFFFF"/></borderColor><borderThickness><double value="0"/></borderThickness><radius><double value="0"/></radius></styleBlock></styleBlock><styleSelector><simpleSelector value="frame.rectangle"/></styleSelector></styleDeclaration><styleDeclaration><styleBlock><styleBlock><color><color value="#FFF808"/></color></styleBlock></styleBlock><styleSelector><simpleSelector value="free-line"/></styleSelector></styleDeclaration><styleDeclaration><styleBlock><styleBlock><color><color value="#FFFF0D"/></color><alpha><double value="0.3"/></alpha></styleBlock></styleBlock><styleSelector><simpleSelector value="free-marker"/></styleSelector></styleDeclaration><styleDeclaration><styleBlock><styleBlock><color><color value="#DDDDDD"/></color></styleBlock></styleBlock><styleSelector><simpleSelector value="grid"/></styleSelector></styleDeclaration><styleDeclaration><styleBlock><styleBlock><color><color value="#FFF808"/></color></styleBlock></styleBlock><styleSelector><simpleSelector value="line"/></styleSelector></styleDeclaration><styleDeclaration><styleBlock><styleBlock><color><color value="#FFFFFF"/></color><gradEndColor><color value="#FFFFFF"/></gradEndColor><gradStartColor><color value="#FFFFFF"/></gradStartColor><fillType><fillType value="linear"/></fillType></styleBlock></styleBlock><styleSelector><simpleSelector value="line-arrow.style1"/></styleSelector></styleDeclaration><styleDeclaration><styleBlock><styleBlock><color><color value="#C5C3C3"/></color><gradEndColor><color value="#C5C3C3"/></gradEndColor><gradStartColor><color value="#C5C3C3"/></gradStartColor><fillType><fillType value="linear"/></fillType></styleBlock></styleBlock><styleSelector><simpleSelector value="line-arrow.style2"/></styleSelector></styleDeclaration><styleDeclaration><styleBlock><styleBlock><color><color value="#FFF808"/></color><gradEndColor><color value="#FFF808"/></gradEndColor><gradStartColor><color value="#FFF808"/></gradStartColor><fillType><fillType value="linear"/></fillType></styleBlock></styleBlock><styleSelector><simpleSelector value="line-arrow.style3"/></styleSelector></styleDeclaration><styleDeclaration><styleBlock><styleBlock><color><color value="#333333"/></color><gradEndColor><color value="#333333"/></gradEndColor><gradStartColor><color value="#333333"/></gradStartColor><fillType><fillType value="linear"/></fillType></styleBlock></styleBlock><styleSelector><simpleSelector value="line-arrow.style4"/></styleSelector></styleDeclaration><styleDeclaration><styleBlock><styleBlock><color><color value="#000000"/></color><gradEndColor><color value="#000000"/></gradEndColor><gradStartColor><color value="#000000"/></gradStartColor><fillType><fillType value="linear"/></fillType></styleBlock></styleBlock><styleSelector><simpleSelector value="line-arrow.style5"/></styleSelector></styleDeclaration><styleDeclaration><styleBlock><styleBlock><gradEndAlpha><double value="0.8"/></gradEndAlpha><gradStartAlpha><double value="0.7"/></gradStartAlpha><borderAlpha><double value="1"/></borderAlpha><radius><double value="0"/></radius><thickness><double value="100"/></thickness></styleBlock></styleBlock><styleSelector><simpleSelector value="shape"/></styleSelector></styleDeclaration><styleDeclaration><styleBlock><styleBlock><gradEndColor><color value="#FFFFFF"/></gradEndColor><gradStartColor><color value="#FFFFFF"/></gradStartColor><fillType><fillType value="linear"/></fillType><borderColor><color value="#FFFFFF"/></borderColor><borderThickness><double value="0"/></borderThickness></styleBlock></styleBlock><styleSelector><simpleSelector value="shape.style1"/></styleSelector></styleDeclaration><styleDeclaration><styleBlock><styleBlock><gradEndColor><color value="#C5C3C3"/></gradEndColor><gradStartColor><color value="#C5C3C3"/></gradStartColor><fillType><fillType value="linear"/></fillType><borderColor><color value="#C5C3C3"/></borderColor><borderThickness><double value="0"/></borderThickness></styleBlock></styleBlock><styleSelector><simpleSelector value="shape.style2"/></styleSelector></styleDeclaration><styleDeclaration><styleBlock><styleBlock><gradEndColor><color value="#FFF808"/></gradEndColor><gradStartColor><color value="#FFF808"/></gradStartColor><fillType><fillType value="linear"/></fillType><borderColor><color value="#FFF808"/></borderColor><borderThickness><double value="0"/></borderThickness></styleBlock></styleBlock><styleSelector><simpleSelector value="shape.style3"/></styleSelector></styleDeclaration><styleDeclaration><styleBlock><styleBlock><gradEndColor><color value="#333333"/></gradEndColor><gradStartColor><color value="#333333"/></gradStartColor><fillType><fillType value="linear"/></fillType><borderColor><color value="#333333"/></borderColor><borderThickness><double value="0"/></borderThickness></styleBlock></styleBlock><styleSelector><simpleSelector value="shape.style4"/></styleSelector></styleDeclaration><styleDeclaration><styleBlock><styleBlock><gradEndColor><color value="#000000"/></gradEndColor><gradStartColor><color value="#000000"/></gradStartColor><fillType><fillType value="linear"/></fillType><borderColor><color value="#000000"/></borderColor><borderThickness><double value="0"/></borderThickness></styleBlock></styleBlock><styleSelector><simpleSelector value="shape.style5"/></styleSelector></styleDeclaration><styleDeclaration><styleBlock><styleBlock><padding><double value="1.2"/></padding></styleBlock></styleBlock><styleSelector><simpleSelector value="text"/></styleSelector></styleDeclaration><styleDeclaration><styleBlock><styleBlock><color><color value="#FFFFFF"/></color><fontClass><string value="body"/></fontClass></styleBlock></styleBlock><styleSelector><simpleSelector value="text.body"/></styleSelector></styleDeclaration><styleDeclaration><styleBlock><styleBlock><color><color value="#FFFFFF"/></color><fontClass><string value="strong"/></fontClass></styleBlock></styleBlock><styleSelector><simpleSelector value="text.subtitle"/></styleSelector></styleDeclaration><styleDeclaration><styleBlock><styleBlock><color><color value="#FFF808"/></color><fontClass><string value="head"/></fontClass></styleBlock></styleBlock><styleSelector><simpleSelector value="text.title"/></styleSelector></styleDeclaration><styleDeclaration><styleBlock><styleBlock><thickness><double value="8"/></thickness></styleBlock></styleBlock><styleSelector><simpleSelector value="#12_46993"/></styleSelector></styleDeclaration><styleDeclaration><styleBlock><styleBlock><thickness><double value="8"/></thickness></styleBlock></styleBlock><styleSelector><simpleSelector value="#14_46993"/></styleSelector></styleDeclaration><styleDeclaration><styleBlock><styleBlock><thickness><double value="8"/></thickness></styleBlock></styleBlock><styleSelector><simpleSelector value="#24_66715135"/></styleSelector></styleDeclaration><styleDeclaration><styleBlock><styleBlock><color><color value="#6FCC00"/></color><gradEndAlpha><double value="1"/></gradEndAlpha><gradEndColor><color value="#6FCC00"/></gradEndColor><gradStartAlpha><double value="1"/></gradStartAlpha><gradStartColor><color value="#6FCC00"/></gradStartColor><fillType><fillType value="linear"/></fillType><borderColor><color value="#6FCC00"/></borderColor></styleBlock></styleBlock><styleSelector><simpleSelector value="#29_66715135"/></styleSelector></styleDeclaration><styleDeclaration><styleBlock><styleBlock><borderThickness><double value="9"/></borderThickness></styleBlock></styleBlock><styleSelector><simpleSelector value="#30_66715135"/></styleSelector></styleDeclaration><styleDeclaration><styleBlock><styleBlock><thickness><double value="8"/></thickness></styleBlock></styleBlock><styleSelector><simpleSelector value="#31"/></styleSelector></styleDeclaration><styleDeclaration><styleBlock><styleBlock><borderThickness><double value="4"/></borderThickness></styleBlock></styleBlock><styleSelector><simpleSelector value="#33_66715135"/></styleSelector></styleDeclaration><styleDeclaration><styleBlock><styleBlock><borderThickness><double value="9"/></borderThickness></styleBlock></styleBlock><styleSelector><simpleSelector value="#35_66715135"/></styleSelector></styleDeclaration><styleDeclaration><styleBlock><styleBlock><borderThickness><double value="9"/></borderThickness></styleBlock></styleBlock><styleSelector><simpleSelector value="#36_66715135"/></styleSelector></styleDeclaration><styleDeclaration><styleBlock><styleBlock><thickness><double value="8"/></thickness></styleBlock></styleBlock><styleSelector><simpleSelector value="#39_66715135"/></styleSelector></styleDeclaration><styleDeclaration><styleBlock><styleBlock><thickness><double value="8"/></thickness></styleBlock></styleBlock><styleSelector><simpleSelector value="#40_66715135"/></styleSelector></styleDeclaration><styleDeclaration><styleBlock><styleBlock><borderThickness><double value="4"/></borderThickness></styleBlock></styleBlock><styleSelector><simpleSelector value="#41_66715135"/></styleSelector></styleDeclaration><styleDeclaration><styleBlock><styleBlock><borderThickness><double value="9"/></borderThickness></styleBlock></styleBlock><styleSelector><simpleSelector value="#43_66715135"/></styleSelector></styleDeclaration><styleDeclaration><styleBlock><styleBlock><thickness><double value="8"/></thickness></styleBlock></styleBlock><styleSelector><simpleSelector value="#45_66715135"/></styleSelector></styleDeclaration><styleDeclaration><styleBlock><styleBlock><thickness><double value="8"/></thickness></styleBlock></styleBlock><styleSelector><simpleSelector value="#46_66715135"/></styleSelector></styleDeclaration><styleDeclaration><styleBlock><styleBlock><thickness><double value="8"/></thickness></styleBlock></styleBlock><styleSelector><simpleSelector value="#47_66715135"/></styleSelector></styleDeclaration><styleDeclaration><styleBlock><styleBlock><thickness><double value="8"/></thickness></styleBlock></styleBlock><styleSelector><simpleSelector value="#48_66715135"/></styleSelector></styleDeclaration><styleDeclaration><styleBlock><styleBlock><thickness><double value="8"/></thickness></styleBlock></styleBlock><styleSelector><simpleSelector value="#49_66715135"/></styleSelector></styleDeclaration><styleDeclaration><styleBlock><styleBlock><fontClass><string value="custom-wayrale"/></fontClass></styleBlock></styleBlock><styleSelector><simpleSelector value="#6_839447"/></styleSelector></styleDeclaration><styleDeclaration><styleBlock><styleBlock><thickness><double value="8"/></thickness></styleBlock></styleBlock><styleSelector><simpleSelector value="#7_46993"/></styleSelector></styleDeclaration><styleDeclaration><styleBlock><styleBlock><thickness><double value="8"/></thickness></styleBlock></styleBlock><styleSelector><simpleSelector value="#8_46993"/></styleSelector></styleDeclaration></array></styleDeclarations></documentStyle></documentStyle><path><array><flyToObject><target><ref value="17_46993"/></target></flyToObject><flyToObject><target><ref value="13_157783"/></target></flyToObject><flyToObject><target><ref value="25_244754"/></target></flyToObject><flyToObject><target><ref value="15_46993"/></target></flyToObject><flyToObject><target><ref value="47_14503"/></target></flyToObject><flyToObject><target><ref value="42_14503"/></target></flyToObject><flyToObject><target><ref value="6_14503"/></target></flyToObject><flyToObject><target><ref value="19_244754"/></target></flyToObject><flyToObject><target><ref value="16_46993"/></target></flyToObject><flyToObject><target><ref value="16_14503"/></target></flyToObject><flyToObject><target><ref value="15_66715135"/></target></flyToObject><flyToObject><target><ref value="15_14503"/></target></flyToObject><flyToObject><target><ref value="29_66715135"/></target></flyToObject><flyToObject><target><ref value="69_244754"/></target></flyToObject><flyToObject><target><ref value="17_46993"/></target></flyToObject></array></path><zObjects><array><zGroup><id><string value="0_66248"/></id><children><array><ref value="0_21050"/><ref value="1_391206"/></array></children><localToWorld><transform2D x="535.1868570178212" y="854.0976482300118" scale="12.635140159803706" rotation="0"/></localToWorld></zGroup><zInvisibleFrame><id><string value="17_46993"/></id><localToWorld><transform2D x="-5.270839325770389E-13" y="-4.960789953666251E-13" scale="51.18729593073486" rotation="0"/></localToWorld><styleClasses><array><token value="invisible"/></array></styleClasses><width><double value="793.0340373070327"/></width><height><double value="620.2873992919922"/></height></zInvisibleFrame><zInvisibleFrame><id><string value="13_157783"/></id><localToWorld><transform2D x="647.9502170470446" y="853.9904167452137" scale="6.248920686092134" rotation="0"/></localToWorld><styleClasses><array><token value="invisible"/></array></styleClasses><width><double value="964.5982483373576"/></width><height><double value="617.6205291748047"/></height></zInvisibleFrame><zImage><id><string value="0_21050"/></id><width><double value="671"/></width><height><double value="591"/></height><localToWorld><transform2D x="395.4388363674369" y="854.0976482300118" scale="7.539546038354904" rotation="0"/></localToWorld><onlineAssetId><string value="633410983"/></onlineAssetId><onlineAssetUrl><string value="http://0103.static.prezi.com.s3.amazonaws.com/media/a/2/f/9dfb432886b074f84820e555ce07e3f35d835.png"/></onlineAssetUrl><assetSourceFilename><string value="blackcircle.png"/></assetSourceFilename></zImage><zCircle><id><string value="4_14503"/></id><radius><double value="146.94978781563685"/></radius><localToWorld><transform2D x="-380.804358068747" y="-5946.3531719762" scale="13.194117416038038" rotation="0"/></localToWorld><styleClasses><array><token value="poly2"/></array></styleClasses></zCircle><zCircle><id><string value="5_14503"/></id><radius><double value="146.94978781563685"/></radius><localToWorld><transform2D x="2664.392198865237" y="-5329.626446909348" scale="6.518192170409876" rotation="0"/></localToWorld><styleClasses><array><token value="poly2"/></array></styleClasses></zCircle><zSwfGraphics><id><string value="1_391206"/></id><width><double value="321"/></width><height><double value="321"/></height><localToWorld><transform2D x="1951.2426711352905" y="1328.6820060772802" scale="6.752340973790521" rotation="0.17085377173223562"/></localToWorld><onlineAssetId><string value="621158699"/></onlineAssetId><onlineAssetUrl><string value="http://0103.static.prezi.com.s3.amazonaws.com/media/e/f/7/5483f3144c67e34584d51f8af9bb0cf77b7d2.swf"/></onlineAssetUrl><assetSourceFilename><string value="postit.swf"/></assetSourceFilename></zSwfGraphics><zInvisibleFrame><id><string value="15_46993"/></id><localToWorld><transform2D x="10116.55998312097" y="-1222.160219227831" scale="14.013039374143851" rotation="0"/></localToWorld><styleClasses><array><token value="invisible"/></array></styleClasses><width><double value="708.0334238957748"/></width><height><double value="477.78156045690025"/></height></zInvisibleFrame><zImage><id><string value="9_899068"/></id><width><double value="290"/></width><height><double value="268"/></height><localToWorld><transform2D x="12180.268620745293" y="-1064.6832688193545" scale="3.5001921983843896" rotation="0"/></localToWorld><onlineAssetId><string value="631625555"/></onlineAssetId><onlineAssetUrl><string value="http://0103.static.prezi.com.s3.amazonaws.com/media/c/f/d/4b40a31db0f14399c4f2166bc2e1340f00485.png"/></onlineAssetUrl><assetSourceFilename><string value="gear.png"/></assetSourceFilename></zImage><zImage><id><string value="8_899068"/></id><width><double value="290"/></width><height><double value="268"/></height><localToWorld><transform2D x="7260.334187990237" y="-2252.2264724965617" scale="6.3350066487566155" rotation="0"/></localToWorld><onlineAssetId><string value="631625555"/></onlineAssetId><onlineAssetUrl><string value="http://0103.static.prezi.com.s3.amazonaws.com/media/c/f/d/4b40a31db0f14399c4f2166bc2e1340f00485.png"/></onlineAssetUrl><assetSourceFilename><string value="gear.png"/></assetSourceFilename></zImage><zImage><id><string value="1_899068"/></id><width><double value="488"/></width><height><double value="280"/></height><localToWorld><transform2D x="-6640.406860325279" y="-3488.4520213515248" scale="7.379951844787008" rotation="0"/></localToWorld><onlineAssetId><string value="631617219"/></onlineAssetId><onlineAssetUrl><string value="http://0103.static.prezi.com.s3.amazonaws.com/media/e/7/9/dc50eb8b7dc2e07267ca8485d7c8990f05eda.png"/></onlineAssetUrl><assetSourceFilename><string value="chat2.png"/></assetSourceFilename></zImage><zImage><id><string value="0_899068"/></id><width><double value="292"/></width><height><double value="266"/></height><localToWorld><transform2D x="-12823.070545352784" y="-3124.3277780948697" scale="8.09510075356547" rotation="0"/></localToWorld><onlineAssetId><string value="631614171"/></onlineAssetId><onlineAssetUrl><string value="http://0103.static.prezi.com.s3.amazonaws.com/media/2/3/7/bd4147ab483d4c15de634a4536da55dd6763f.png"/></onlineAssetUrl><assetSourceFilename><string value="Chat1.png"/></assetSourceFilename></zImage><zInvisibleFrame><id><string value="25_244754"/></id><localToWorld><transform2D x="662.3745664740684" y="-5851.725728723463" scale="9.556052417442586" rotation="0"/></localToWorld><styleClasses><array><token value="invisible"/></array></styleClasses><width><double value="902.7905305940928"/></width><height><double value="606.0003652557498"/></height></zInvisibleFrame><zInvisibleFrame><id><string value="69_244754"/></id><localToWorld><transform2D x="-9516.201552054705" y="-2775.078575367771" scale="11.347876940996272" rotation="0"/></localToWorld><styleClasses><array><token value="invisible"/></array></styleClasses><width><double value="861.0435476702844"/></width><height><double value="597.25390625"/></height></zInvisibleFrame><zArrow><id><string value="31"/></id><localToWorld><transform2D x="6500.331801766219" y="907.4824152613783" scale="27.68509639302117" rotation="2.8241695965442943"/></localToWorld><startEndDistance><double value="-171.9817021068765"/></startEndDistance><arcHeight><double value="-18.572700771189854"/></arcHeight><styleClasses><array><token value="line3"/></array></styleClasses></zArrow><zImage><id><string value="38_14503"/></id><width><double value="405"/></width><height><double value="401"/></height><mask><rectangle x="0" y="0" w="404" h="401"/></mask><localToWorld><transform2D x="-382.37260604446953" y="-6727.596493672796" scale="1.172203942421165" rotation="0"/></localToWorld><onlineAssetId><string value="4905770506"/></onlineAssetId><onlineAssetUrl><string value="http://0103.static.prezi.com.s3.amazonaws.com/media/5/6/5/cbb8ecd65ee548b8b6b3e8d3655d6aa0ac586.png"/></onlineAssetUrl><assetSourceFilename><string value="http://0103.static.prezi.com.s3.amazonaws.com/media/5/6/5/cbb8ecd65ee548b8b6b3e8d3655d6aa0ac586.png"/></assetSourceFilename></zImage><zText><id><string value="18"/></id><text><text><width>-136.3125</width><p><span><![CDATA[Experience]]></span></p></text></text><localToWorld><transform2D x="8592.976654896227" y="-954.1107233506601" scale="40.005106997738146" rotation="6.32091140646437E-17"/></localToWorld><styleClasses><array><token value="subtitle"/></array></styleClasses></zText><zInvisibleFrame><id><string value="19_244754"/></id><localToWorld><transform2D x="7788.409774179956" y="5879.630782181185" scale="11.192928187961906" rotation="0"/></localToWorld><styleClasses><array><token value="invisible"/></array></styleClasses><width><double value="772.363350033023"/></width><height><double value="525.4496689731317"/></height></zInvisibleFrame><zArrow><id><string value="7_46993"/></id><localToWorld><transform2D x="830.85836846769" y="-2424.3031398146363" scale="26.34044756094446" rotation="1.5707963267948961"/></localToWorld><startEndDistance><double value="-60"/></startEndDistance><styleClasses><array><token value="line3"/></array></styleClasses></zArrow><zArrow><id><string value="8_46993"/></id><localToWorld><transform2D x="4092.1101942411406" y="4701.131226834783" scale="28.14117420383189" rotation="0.5909311820861441"/></localToWorld><startEndDistance><double value="145.89862417624715"/></startEndDistance><arcHeight><double value="17.27155142975403"/></arcHeight><styleClasses><array><token value="line3"/></array></styleClasses></zArrow><zInvisibleFrame><id><string value="16_46993"/></id><localToWorld><transform2D x="-8176.216190230393" y="4974.048747785769" scale="15.516712367381132" rotation="0"/></localToWorld><styleClasses><array><token value="invisible"/></array></styleClasses><width><double value="587.8891008177445"/></width><height><double value="395.8104608508326"/></height></zInvisibleFrame><zArrow><id><string value="12_46993"/></id><localToWorld><transform2D x="-4062.600194158285" y="6105.536333976392" scale="26.340447560944483" rotation="-0.3951493181716004"/></localToWorld><startEndDistance><double value="-314.7258462804607"/></startEndDistance><arcHeight><double value="83.10334736876294"/></arcHeight><styleClasses><array><token value="line3"/></array></styleClasses></zArrow><zArrow><id><string value="14_46993"/></id><localToWorld><transform2D x="-5904.324649879117" y="243.22973994943357" scale="26.3404475609445" rotation="0.4386084688133225"/></localToWorld><startEndDistance><double value="-226.88848164758866"/></startEndDistance><arcHeight><double value="44.920512429337855"/></arcHeight><styleClasses><array><token value="line3"/></array></styleClasses></zArrow><zText><id><string value="11"/></id><text><text><width>-104.064</width><p><span><![CDATA[Bangalore]]></span></p></text></text><localToWorld><transform2D x="10970.455150949854" y="10197.456105224423" scale="35.54946229223652" rotation="0.0019374508859401377"/></localToWorld><styleClasses><array><token value="body"/></array></styleClasses></zText><zText><id><string value="0_132062"/></id><localToWorld><transform2D x="16985.143668107452" y="-9150.86125782864" scale="58.167266604739844" rotation="0.0017205495874476095"/></localToWorld><styleClasses><array><token value="body"/></array></styleClasses></zText><zText><id><string value="5"/></id><text><text><width>-130.8</width><p><span><![CDATA[9035602257]]></span></p></text></text><localToWorld><transform2D x="-13229.370844734889" y="10131.630845306712" scale="36.065979215788026" rotation="6.655719218044307E-19"/></localToWorld><styleClasses><array><token value="body"/></array></styleClasses></zText><zText><id><string value="8"/></id><text><text><width>-228.31199999999998</width><p><span><![CDATA[mohineet@gmail.com]]></span></p></text></text><localToWorld><transform2D x="352.7652532549497" y="10128.807041006658" scale="36.065979215788026" rotation="6.655719218044307E-19"/></localToWorld><styleClasses><array><token value="body"/></array></styleClasses></zText><zCircle><id><string value="6_14503"/></id><radius><double value="146.94978781563685"/></radius><localToWorld><transform2D x="10074.532941757674" y="-2784.581779191941" scale="9.20055004421182" rotation="0"/></localToWorld><styleClasses><array><token value="poly3"/></array></styleClasses></zCircle><zImage><id><string value="29_244754"/></id><width><double value="48"/></width><height><double value="48"/></height><mask><rectangle x="0" y="0" w="47" h="48"/></mask><localToWorld><transform2D x="10059.199999999999" y="-3811.3" scale="6.254692805615308" rotation="0"/></localToWorld><onlineAssetId><string value="4905344101"/></onlineAssetId><onlineAssetUrl><string value="http://0103.static.prezi.com.s3.amazonaws.com/media/d/8/6/a60cfa630e56844e36fb5a571321381b84591.jpg"/></onlineAssetUrl><assetSourceFilename><string value="http://0103.static.prezi.com.s3.amazonaws.com/media/d/8/6/a60cfa630e56844e36fb5a571321381b84591.jpg"/></assetSourceFilename></zImage><zText><id><string value="24"/></id><text><text><width>-65.7890625</width><p><span><![CDATA[Skills]]></span></p></text></text><localToWorld><transform2D x="6733.15" y="6872.9" scale="49.76924720913115" rotation="1.6115331500201274E-16"/></localToWorld><styleClasses><array><token value="subtitle"/></array></styleClasses></zText><zText><id><string value="20"/></id><text><text><width>-122.7890625</width><p><span><![CDATA[Education]]></span></p></text></text><localToWorld><transform2D x="373.7782376967672" y="-3548.443728533903" scale="38.0620825040553" rotation="6.398364014988284E-17"/></localToWorld><styleClasses><array><token value="subtitle"/></array></styleClasses></zText><zCircle><id><string value="16_14503"/></id><radius><double value="146.94978781563685"/></radius><localToWorld><transform2D x="-10808.818334306312" y="6399.22703329547" scale="7.72734804545664" rotation="0"/></localToWorld><styleClasses><array><token value="poly5"/></array></styleClasses></zCircle><zText><id><string value="26"/></id><text><text><width>553.5444505967632</width><p><span><![CDATA[words from people I have worked with....]]></span></p></text></text><localToWorld><transform2D x="-8255.444401925519" y="-2071.505539448834" scale="12.136759289493053" rotation="-2.6442995609415376E-17"/></localToWorld><styleClasses><array><token value="subtitle"/></array></styleClasses></zText><zImage><id><string value="72_244754"/></id><width><double value="527"/></width><height><double value="354"/></height><localToWorld><transform2D x="2954.3174129867602" y="-6620.313444609677" scale="3.435948364100495" rotation="0.22730084098069217"/></localToWorld><onlineAssetId><string value="619919635"/></onlineAssetId><onlineAssetUrl><string value="http://0103.static.prezi.com.s3.amazonaws.com/media/d/c/7/500e836cea88bee6606139d345be53e892578.png"/></onlineAssetUrl><assetSourceFilename><string value="cap.png"/></assetSourceFilename></zImage><zCircle><id><string value="17_14503"/></id><radius><double value="146.94978781563685"/></radius><localToWorld><transform2D x="-10257.002138038459" y="-4484.084921165262" scale="9.265936933465586" rotation="0"/></localToWorld><styleClasses><array><token value="poly1"/></array></styleClasses></zCircle><zText><id><string value="6_839447"/></id><text><text><width>-409.84800000000007</width><p align="center"><span><![CDATA[Mohinee Toshniwal, Software Artisan]]></span></p></text></text><localToWorld><transform2D x="-20.45948269264943" y="-10213.183709957219" scale="60.72826839853631" rotation="0"/></localToWorld><styleClasses><array><token value="subtitle"/></array></styleClasses></zText><zImage><id><string value="3_899068"/></id><width><double value="353"/></width><height><double value="329"/></height><localToWorld><transform2D x="-10808.251322696635" y="3743.321194885385" scale="9.458721427026957" rotation="0"/></localToWorld><onlineAssetId><string value="631620371"/></onlineAssetId><onlineAssetUrl><string value="http://0103.static.prezi.com.s3.amazonaws.com/media/5/0/1/8d4cde70302c4f7159f5e5da8a1395b9aecda.png"/></onlineAssetUrl><assetSourceFilename><string value="thought.png"/></assetSourceFilename></zImage><zText><id><string value="22"/></id><text><text><width>249.27469391995845</width><p><span><![CDATA[Interesting Projects]]></span></p></text></text><localToWorld><transform2D x="-6698.548936231078" y="5646.670112035807" scale="23.633558626804746" rotation="1.0775103589146412E-16"/></localToWorld><styleClasses><array><token value="subtitle"/></array></styleClasses></zText><zImage><id><string value="5_899068"/></id><width><double value="194"/></width><height><double value="182"/></height><localToWorld><transform2D x="6373.577931906911" y="5063.190636619468" scale="5.85039639780987" rotation="-0.1778036733333004"/></localToWorld><onlineAssetId><string value="631622787"/></onlineAssetId><onlineAssetUrl><string value="http://0103.static.prezi.com.s3.amazonaws.com/media/0/6/d/bf30e7462ceb013c4b2e25e6bbe0d07655831.png"/></onlineAssetUrl><assetSourceFilename><string value="star.png"/></assetSourceFilename></zImage><zImage><id><string value="6_899068"/></id><width><double value="194"/></width><height><double value="182"/></height><localToWorld><transform2D x="8858.448506665822" y="5843.040619051813" scale="4.5842667257438094" rotation="-1.9983382590465943"/></localToWorld><onlineAssetId><string value="631622787"/></onlineAssetId><onlineAssetUrl><string value="http://0103.static.prezi.com.s3.amazonaws.com/media/0/6/d/bf30e7462ceb013c4b2e25e6bbe0d07655831.png"/></onlineAssetUrl><assetSourceFilename><string value="star.png"/></assetSourceFilename></zImage><zCircle><id><string value="0_14503"/></id><radius><double value="146.94978781563685"/></radius><localToWorld><transform2D x="8058.5" y="4233.499999999999" scale="8.526356732601798" rotation="0"/></localToWorld><styleClasses><array><token value="poly4"/></array></styleClasses></zCircle><zCircle><id><string value="1_14503"/></id><radius><double value="146.94978781563685"/></radius><localToWorld><transform2D x="10440.35" y="7387.5" scale="8.07614428050133" rotation="0"/></localToWorld><styleClasses><array><token value="poly4"/></array></styleClasses></zCircle><zImage><id><string value="70_244754"/></id><width><double value="527"/></width><height><double value="354"/></height><localToWorld><transform2D x="-1563.7348574701266" y="-7447.67732560051" scale="4.936365169307761" rotation="-0.6527547282991066"/></localToWorld><onlineAssetId><string value="619919635"/></onlineAssetId><onlineAssetUrl><string value="http://0103.static.prezi.com.s3.amazonaws.com/media/d/c/7/500e836cea88bee6606139d345be53e892578.png"/></onlineAssetUrl><assetSourceFilename><string value="cap.png"/></assetSourceFilename></zImage><zCircle><id><string value="15_14503"/></id><radius><double value="146.94978781563685"/></radius><localToWorld><transform2D x="-7346.532359526582" y="3987.251458873303" scale="8.411933790873887" rotation="0"/></localToWorld><styleClasses><array><token value="poly5"/></array></styleClasses></zCircle><zText><id><string value="20_14503"/></id><text><text><width>311.6011458236574</width><p indent="2"><span><![CDATA[Shaw Academy]]></span></p><p><span><![CDATA[Payments system Integration]]></span></p></text></text><localToWorld><transform2D x="-10721.712648520232" y="5652.313939163151" scale="5.62314280779044" rotation="0"/></localToWorld><styleClasses><array><token value="body"/></array></styleClasses></zText><zText><id><string value="21_14503"/></id><text><text><width>201.70886894409713</width><p><span><![CDATA[       Tapstart]]></span></p><p><span><![CDATA[Comparing Engine]]></span></p></text></text><localToWorld><transform2D x="-7290.559719256958" y="3090.9504012327234" scale="6.185457088569483" rotation="0"/></localToWorld><styleClasses><array><token value="body"/></array></styleClasses></zText><zText><id><string value="22_14503"/></id><text><text><width>255.62109375</width><p><span><![CDATA[Diploma in JAVA & Android Programming]]></span></p></text></text><localToWorld><transform2D x="2729.8" y="-5510.75" scale="6.185457088569482" rotation="0"/></localToWorld><styleClasses><array><token value="body"/></array></styleClasses></zText><zText><id><string value="23_14503"/></id><text><text><width>128.31916524277986</width><p><span><![CDATA[Advanced]]></span></p></text></text><localToWorld><transform2D x="8080.950312045681" y="3217.687318507521" scale="6.8551041191836255" rotation="0"/></localToWorld><styleClasses><array><token value="subtitle"/></array></styleClasses></zText><zText><id><string value="24_14503"/></id><text><text><width>177.7057150175363</width><p><span><![CDATA[Intermediate]]></span></p></text></text><localToWorld><transform2D x="10481.424913459326" y="6408.7765413886345" scale="6.15998563640193" rotation="0"/></localToWorld><styleClasses><array><token value="subtitle"/></array></styleClasses></zText><zText><id><string value="27_14503"/></id><text><text><width>294.81517718718624</width><p><span><![CDATA[Kunal Verma, Co-founder, Tapstart]]></span></p></text></text><localToWorld><transform2D x="-10219.125115018252" y="-4809.446443596051" scale="8.166884685594853" rotation="0"/></localToWorld><styleClasses><array><token value="body"/></array></styleClasses></zText><zText><id><string value="28_14503"/></id><text><text><width>373.3114873827922</width><p><span><![CDATA[a fast and keen learner and is very smart.]]></span></p></text></text><localToWorld><transform2D x="-10237.528888095725" y="-4132.921789430901" scale="6.352625274846223" rotation="0"/></localToWorld><styleClasses><array><token value="subtitle"/></array></styleClasses></zText><zCircle><id><string value="29_14503"/></id><radius><double value="146.94978781563685"/></radius><localToWorld><transform2D x="-12822.58503063847" y="-1072.8147384230417" scale="6.476054628189423" rotation="0"/></localToWorld><styleClasses><array><token value="poly1"/></array></styleClasses></zCircle><zText><id><string value="30_14503"/></id><text><text><width>255.62109375</width><p><span><![CDATA[Anuj Kacker, VP, ]]></span></p><p><span><![CDATA[Tapstart]]></span></p></text></text><localToWorld><transform2D x="-12689.2" y="-1506.8173627473616" scale="6.352625274846223" rotation="0"/></localToWorld><styleClasses><array><token value="body"/></array></styleClasses></zText><zText><id><string value="31_14503"/></id><text><text><width>390.82129229257635</width><p><span><![CDATA[ambitious, aggressive and detail oriented person. ]]></span></p></text></text><localToWorld><transform2D x="-12560.442067410871" y="-1022.111444248592" scale="5.474594444489912" rotation="0"/></localToWorld><styleClasses><array><token value="subtitle"/></array></styleClasses></zText><zText><id><string value="35_14503"/></id><text><text><width>255.62109375</width><p><span><![CDATA[B.E. in Electronics & Telecommunication with Distinction]]></span></p></text></text><localToWorld><transform2D x="-372.55" y="-5744" scale="12.470357700315565" rotation="0"/></localToWorld><styleClasses><array><token value="body"/></array></styleClasses></zText><zText><id><string value="36_14503"/></id><text><text><width>166.44</width><p><span><![CDATA[MIT, Pune]]></span></p></text></text><localToWorld><transform2D x="-360" y="-4803.3" scale="9.380368445999832" rotation="0"/></localToWorld><styleClasses><array><token value="body"/></array></styleClasses></zText><zText><id><string value="37_14503"/></id><text><text><width>166.44</width><p><span><![CDATA[Seed Infotech, Nashik]]></span></p></text></text><localToWorld><transform2D x="2984.492666560597" y="-5022.59667334484" scale="5.054392346593592" rotation="0"/></localToWorld><styleClasses><array><token value="body"/></array></styleClasses></zText><zText><id><string value="39_14503"/></id><text><text><width>255.62109375</width><p><span><![CDATA[one of the initial recruits]]></span></p><p><span><![CDATA[developed the flow for assessing the user’s skills via independent assessments]]></span></p></text></text><localToWorld><transform2D x="10213.949999999995" y="-2663.1499999999996" scale="7.496936340377929" rotation="0"/></localToWorld><styleClasses><array><token value="body"/></array></styleClasses></zText><zText><id><string value="40_14503"/></id><text><text><width>166.44</width><p><span><![CDATA[Click to add text]]></span></p></text></text><localToWorld><transform2D x="10077.47644344456" y="-2187.235029710293" scale="5.517288211904503" rotation="0"/></localToWorld><styleClasses><array><token value="body"/></array></styleClasses><isPlaceholder><bool value="true"/></isPlaceholder></zText><zText><id><string value="41_14503"/></id><text><text><width>166.44</width><p><span><![CDATA[tapstart.com]]></span></p></text></text><localToWorld><transform2D x="10229.55" y="-3494.1" scale="9.69941419902173" rotation="0"/></localToWorld><styleClasses><array><token value="subtitle"/></array></styleClasses></zText><zCircle><id><string value="42_14503"/></id><radius><double value="146.94978781563685"/></radius><localToWorld><transform2D x="13320.078999627223" y="-2477.715424160342" scale="7.822485999552594" rotation="0"/></localToWorld><styleClasses><array><token value="poly3"/></array></styleClasses></zCircle><zImage><id><string value="43_14503"/></id><width><double value="32"/></width><height><double value="32"/></height><mask><rectangle x="0" y="0" w="31" h="32"/></mask><localToWorld><transform2D x="13313.95" y="-3328.8" scale="9.38203920842297" rotation="0"/></localToWorld><onlineAssetId><string value="4905772324"/></onlineAssetId><onlineAssetUrl><string value="http://0103.static.prezi.com.s3.amazonaws.com/media/0/3/5/38d51fdd55ee74f024f89d4b049559014e64a.png"/></onlineAssetUrl><assetSourceFilename><string value="http://0103.static.prezi.com.s3.amazonaws.com/media/0/3/5/38d51fdd55ee74f024f89d4b049559014e64a.png"/></assetSourceFilename></zImage><zText><id><string value="44_14503"/></id><text><text><width>280.9167232478865</width><p><span><![CDATA[worked on developing the website from scratch on new platform]]></span></p><p><span><![CDATA[built 3rd party and server side integrations]]></span></p></text></text><localToWorld><transform2D x="13446.4" y="-2286.029418266252" scale="6.815396673070842" rotation="0"/></localToWorld><styleClasses><array><token value="body"/></array></styleClasses></zText><zText><id><string value="45_14503"/></id><text><text><width>205.0233833189182</width><p><span><![CDATA[shopmonk.com]]></span></p></text></text><localToWorld><transform2D x="13362.35" y="-3056.65" scale="6.243595074055509" rotation="0"/></localToWorld><styleClasses><array><token value="subtitle"/></array></styleClasses></zText><zCircle><id><string value="47_14503"/></id><radius><double value="146.94978781563685"/></radius><localToWorld><transform2D x="10826.571547738184" y="676.9130217895552" scale="7.7526186075388654" rotation="0"/></localToWorld><styleClasses><array><token value="poly3"/></array></styleClasses></zCircle><zImage><id><string value="48_14503"/></id><width><double value="32"/></width><height><double value="32"/></height><localToWorld><transform2D x="10826.7" y="-189.20000000000016" scale="9.382039208422967" rotation="0"/></localToWorld><onlineAssetId><string value="4905773198"/></onlineAssetId><onlineAssetUrl><string value="http://0103.static.prezi.com.s3.amazonaws.com/media/d/a/d/2f3fa8ec38b8b8fc7acbd9a9d26e0669abbe4.png"/></onlineAssetUrl><assetSourceFilename><string value="http://0103.static.prezi.com.s3.amazonaws.com/media/d/a/d/2f3fa8ec38b8b8fc7acbd9a9d26e0669abbe4.png"/></assetSourceFilename></zImage><zText><id><string value="49_14503"/></id><text><text><width>315.05616305285037</width><p><span><![CDATA[Designed and built test driven API infrastructure]]></span></p><p><span><![CDATA[Created Talend jobs to sync data across the system and migrate data from old MySQL to new MongoDB]]></span></p></text></text><localToWorld><transform2D x="10909.6" y="774.7226134062685" scale="6.140476554434288" rotation="0"/></localToWorld><styleClasses><array><token value="body"/></array></styleClasses></zText><zText><id><string value="50_14503"/></id><text><text><width>166.44</width><p><span><![CDATA[Click to add text]]></span></p></text></text><localToWorld><transform2D x="10826.460843653738" y="1145.0556614238235" scale="4.649008053782065" rotation="0"/></localToWorld><styleClasses><array><token value="body"/></array></styleClasses><isPlaceholder><bool value="true"/></isPlaceholder></zText><zText><id><string value="51_14503"/></id><text><text><width>210.33978735285237</width><p><span><![CDATA[Shaw Academy]]></span></p></text></text><localToWorld><transform2D x="10899.05" y="55.099999999999795" scale="6.2974657739838324" rotation="0"/></localToWorld><styleClasses><array><token value="subtitle"/></array></styleClasses></zText><zImage><id><string value="0_14877"/></id><width><double value="1008"/></width><height><double value="756"/></height><mask><rectangle x="158" y="190" w="408" h="566"/></mask><localToWorld><transform2D x="-369.9" y="548.95" scale="3.962056797929328" rotation="-0.06665080505126114"/></localToWorld><onlineAssetId><string value="4905824215"/></onlineAssetId><onlineAssetUrl><string value="http://0103.static.prezi.com.s3.amazonaws.com/media/5/2/0/48c20ca7c4d66c7b3662ed0200d062a3402bb.jpg"/></onlineAssetUrl><assetSourceFilename><string value="http://0103.static.prezi.com.s3.amazonaws.com/media/5/2/0/48c20ca7c4d66c7b3662ed0200d062a3402bb.jpg"/></assetSourceFilename></zImage><zImage><id><string value="7_66012"/></id><width><double value="245"/></width><height><double value="87"/></height><localToWorld><transform2D x="-428.6273267305917" y="-667.1697256682949" scale="6.479585645178506" rotation="0"/></localToWorld><onlineAssetId><string value="386825106"/></onlineAssetId><onlineAssetUrl><string value="http://0103.static.prezi.com.s3.amazonaws.com/media/c/5/1/e376bce9941e23f4a985b5b1f2f3c1f9ac064.png"/></onlineAssetUrl><assetSourceFilename><string value="tape.png"/></assetSourceFilename></zImage><zText><id><string value="0_66715135"/></id><text><text><width>-124.128</width><p><span><![CDATA[Energetic]]></span></p><p><span><![CDATA[Enthusiastic]]></span></p><p><span><![CDATA[Cheerful]]></span></p></text></text><localToWorld><transform2D x="-12923.206809578705" y="-3270.529044640903" scale="9.089334253364937" rotation="0"/></localToWorld><styleClasses><array><token value="body"/></array></styleClasses></zText><zText><id><string value="1_66715135"/></id><text><text><width>-131.448</width><p><span><![CDATA[Hardworking]]></span></p><p><span><![CDATA[Helpful]]></span></p></text></text><localToWorld><transform2D x="-6105.830739553924" y="-3723.813725568059" scale="9.089334253364937" rotation="0"/></localToWorld><styleClasses><array><token value="body"/></array></styleClasses></zText><zText><id><string value="2_66715135"/></id><text><text><width>-97.032</width><p><span><![CDATA[-LinkedIn]]></span></p></text></text><localToWorld><transform2D x="-9943.197674169958" y="-3756.731030323659" scale="6.352625274846223" rotation="0"/></localToWorld><styleClasses><array><token value="body"/></array></styleClasses></zText><zText><id><string value="3_66715135"/></id><text><text><width>-6.72</width><p><span><![CDATA[`]]></span></p></text></text><localToWorld><transform2D x="-10231.400730251227" y="-3598.2108177137484" scale="9.089334253364937" rotation="0"/></localToWorld><styleClasses><array><token value="body"/></array></styleClasses></zText><zText><id><string value="4_66715135"/></id><text><text><width>-97.032</width><p><span><![CDATA[-LinkedIn]]></span></p></text></text><localToWorld><transform2D x="-12613.05" y="-432.35" scale="6.352625274846223" rotation="0"/></localToWorld><styleClasses><array><token value="body"/></array></styleClasses></zText><zSwfGraphics><id><string value="5_66715135"/></id><width><double value="157"/></width><height><double value="98"/></height><localToWorld><transform2D x="-4524.85" y="10178.3" scale="5.707766442287781" rotation="0"/></localToWorld><onlineAssetId><string value="606327871"/></onlineAssetId><onlineAssetUrl><string value="http://0103.static.prezi.com.s3.amazonaws.com/media/0/b/5/fa15ffb48ba91b55dd64bafb2d3a6679d3579.swf"/></onlineAssetUrl><assetSourceFilename><string value="envelope.swf"/></assetSourceFilename></zSwfGraphics><zSwfGraphics><id><string value="6_66715135"/></id><width><double value="37"/></width><height><double value="73"/></height><localToWorld><transform2D x="-16166.65" y="10030.65" scale="23.896515505044892" rotation="0"/></localToWorld><onlineAssetId><string value="750591781"/></onlineAssetId><onlineAssetUrl><string value="http://0103.static.prezi.com.s3.amazonaws.com/media/f/9/7/a9690c2feb1b45279a71481e182a511d0a2e2.swf"/></onlineAssetUrl><assetSourceFilename><string value="iphone.swf"/></assetSourceFilename></zSwfGraphics><zSwfGraphics><id><string value="7_66715135"/></id><swfBoundsLeft><double value="-0.5"/></swfBoundsLeft><swfBoundsTop><double value="-0.35"/></swfBoundsTop><width><double value="50"/></width><height><double value="92"/></height><localToWorld><transform2D x="8701.7" y="10175.65" scale="12.518350186700596" rotation="0"/></localToWorld><onlineAssetId><string value="750592539"/></onlineAssetId><onlineAssetUrl><string value="http://0103.static.prezi.com.s3.amazonaws.com/media/0/3/9/e95a25deddc3bd21d5a11131e9fb34173f12c.swf"/></onlineAssetUrl><assetSourceFilename><string value="etched_map_pin.swf"/></assetSourceFilename></zSwfGraphics><zText><id><string value="8_66715135"/></id><text><text><width>305.7590939763891</width><p indent="1" listType="bullet"><span><![CDATA[from Nashik]]></span></p><p indent="1" listType="bullet"><span><![CDATA[4+ years of experience]]></span></p><p indent="1" listType="bullet"><span><![CDATA[versatile software developer]]></span></p><p indent="1" listType="bullet"><span><![CDATA[handled high end projects]]></span></p><p indent="1" listType="bullet"><span><![CDATA[conceptualized applications ]]></span></p><p indent="1" listType="bullet"><span><![CDATA[managed vendors]]></span></p><p indent="1" listType="bullet"><span><![CDATA[creativity is life]]></span></p><p indent="1" listType="bullet"><span><![CDATA[hard work overcomes hard luck]]></span></p></text></text><localToWorld><transform2D x="1858.1151001258006" y="1287.0632697718304" scale="5.725628351453249" rotation="0.17337044696924858"/></localToWorld><styleClasses><array><token value="body"/></array></styleClasses></zText><zText><id><string value="11_66715135"/></id><text><text><width>-228.81599999999997</width><p indent="1" listType="bullet"><span><![CDATA[AngularJS]]></span></p><p indent="1" listType="bullet"><span><![CDATA[Talend]]></span></p><p indent="1" listType="bullet"><span><![CDATA[Gravity]]></span></p><p indent="1" listType="bullet"><span><![CDATA[AWS/Google Cloud]]></span></p><p indent="1" listType="bullet"><span><![CDATA[MeteorJS]]></span></p><p indent="1" listType="bullet"><span><![CDATA[JAVA]]></span></p><p indent="1" listType="bullet"><span><![CDATA[Salesforce]]></span></p></text></text><localToWorld><transform2D x="10562.749756658684" y="7479.6147614029305" scale="8.016820240054303" rotation="0"/></localToWorld><styleClasses><array><token value="body"/></array></styleClasses></zText><zText><id><string value="12_66715135"/></id><text><text><width>-214.00799999999998</width><p indent="1" listType="bullet"><span><![CDATA[PHP]]></span></p><p indent="1" listType="bullet"><span><![CDATA[Laravel]]></span></p><p indent="1" listType="bullet"><span><![CDATA[CodeIgniter]]></span></p><p indent="1" listType="bullet"><span><![CDATA[MySQL]]></span></p><p indent="1" listType="bullet"><span><![CDATA[MongoDB]]></span></p><p indent="1" listType="bullet"><span><![CDATA[JavaScript/JQuery]]></span></p><p indent="1" listType="bullet"><span><![CDATA[CSS]]></span></p></text></text><localToWorld><transform2D x="8134.58424344501" y="4332.462145541086" scale="8.340768456382412" rotation="0"/></localToWorld><styleClasses><array><token value="body"/></array></styleClasses></zText><zText><id><string value="13_66715135"/></id><text><text><width>287.52000000000004</width><p indent="1" listType="bullet"><span><![CDATA[Built a self improvising assessment system]]></span></p><p indent="1" listType="bullet"><span><![CDATA[The end result would be a rating based out of 10 and a rank.]]></span></p><p/><p/></text></text><localToWorld><transform2D x="-7333.986271697905" y="4133.255439061326" scale="7.331809210795173" rotation="0"/></localToWorld><styleClasses><array><token value="body"/></array></styleClasses></zText><zCircleFrame><id><string value="29_66715135"/></id><localToWorld><transform2D x="-4301.2" y="2508.7999999999993" scale="1.7481090556262484" rotation="0"/></localToWorld><styleClasses><array><token value="circle"/></array></styleClasses><width><double value="600"/></width><height><double value="600"/></height></zCircleFrame><zImage><id><string value="27_66715135"/></id><width><double value="1440"/></width><height><double value="1589"/></height><mask><rectangle x="0" y="10" w="1437" h="1577"/></mask><localToWorld><transform2D x="-4300.90418663315" y="2508.8739533417124" scale="0.40465188197960744" rotation="0"/></localToWorld><onlineAssetId><string value="4905789648"/></onlineAssetId><onlineAssetUrl><string value="http://0103.static.prezi.com.s3.amazonaws.com/media/5/9/f/ab02bd183dd16cd18256d876cf2531a9ee16f.png"/></onlineAssetUrl><assetSourceFilename><string value="http://0103.static.prezi.com.s3.amazonaws.com/media/5/9/f/ab02bd183dd16cd18256d876cf2531a9ee16f.png"/></assetSourceFilename></zImage><zText><id><string value="9_66715135"/></id><text><text><width>472.4624592475544</width><p indent="1" listType="bullet"><span><![CDATA[Extremely critical and important]]></span></p><p indent="1" listType="bullet"><span><![CDATA[designed the system right from the architectural level]]></span></p><p indent="1" listType="bullet"><span><![CDATA[implemented subscription and one time payment in one system]]></span></p></text></text><localToWorld><transform2D x="-10749.850000000004" y="6431.8" scale="4.419668958405812" rotation="0"/></localToWorld><styleClasses><array><token value="body"/></array></styleClasses></zText><zCircleFrame><id><string value="15_66715135"/></id><localToWorld><transform2D x="-12309.149999999998" y="5908.299999999999" scale="0.634350239222984" rotation="0"/></localToWorld><styleClasses><array><token value="circle"/></array></styleClasses><width><double value="800"/></width><height><double value="800"/></height></zCircleFrame><zText><id><string value="16_66715135"/></id><text><text><width>264.68270130377124</width><p><span><![CDATA[Click to add text]]></span></p></text></text><localToWorld><transform2D x="-12385.27616420491" y="5745.321372465645" scale="0.7179913007927078" rotation="0"/></localToWorld><styleClasses><array><token value="body"/></array></styleClasses><isPlaceholder><bool value="true"/></isPlaceholder></zText><zText><id><string value="18_66715135"/></id><text><text><width>233.6024877079713</width><p align="center"><span><![CDATA[Payment model]]></span></p></text></text><localToWorld><transform2D x="-12298.15796223294" y="5719.106513444445" scale="1.3256344634122417" rotation="0"/></localToWorld><styleClasses><array><token value="body"/></array></styleClasses></zText><zArrow><id><string value="24_66715135"/></id><localToWorld><transform2D x="-5541.869876054438" y="2894.3094736856365" scale="7.999999999999998" rotation="-0.3951493181716004"/></localToWorld><startEndDistance><double value="200.2916920572423"/></startEndDistance><styleClasses><array><token value="line3"/></array></styleClasses></zArrow><zText><id><string value="25_66715135"/></id><text><text><width>-81.3515625</width><p><span><![CDATA[Wow!!!]]></span></p></text></text><localToWorld><transform2D x="-11316.030421137402" y="3442.6071429686363" scale="7.331809210795173" rotation="0.42535037671251863"/></localToWorld><styleClasses><array><token value="title"/></array></styleClasses></zText><zText><id><string value="26_66715135"/></id><text><text><width>-165.8203125</width><p><span><![CDATA[I m struck :(]]></span></p></text></text><localToWorld><transform2D x="-10351.956379577628" y="3859.8133461081275" scale="7.331809210795171" rotation="-0.46908984905440193"/></localToWorld><styleClasses><array><token value="title"/></array></styleClasses></zText><zText><id><string value="28_66715135"/></id><text><text><width>-204.24609375</width><p><span><![CDATA[Let's finish this]]></span></p></text></text><localToWorld><transform2D x="-10561.798312093675" y="2993.803458506135" scale="7.331809210795171" rotation="0.2885172883612303"/></localToWorld><styleClasses><array><token value="title"/></array></styleClasses></zText><zSquare><id><string value="30_66715135"/></id><localToWorld><transform2D x="-12202.400000000001" y="5783.75" scale="0.1953992459460142" rotation="0"/></localToWorld><styleClasses><array><token value="poly5"/></array></styleClasses><width><double value="362.9999383937992"/></width><height><double value="267.99994659801075"/></height></zSquare><zText><id><string value="31_66715135"/></id><text><text><width>299.65007772209606</width><p align="right"><span><![CDATA[secure ]]></span></p><p align="right"><span><![CDATA[payment ]]></span></p><p align="right"><span><![CDATA[API's]]></span></p></text></text><localToWorld><transform2D x="-12274.610944555807" y="5782.004685744193" scale="0.6184182606421805" rotation="0"/></localToWorld><styleClasses><array><token value="body"/></array></styleClasses></zText><zSquare><id><string value="33_66715135"/></id><localToWorld><transform2D x="-12343.800000000003" y="5932.749999999999" scale="0.8108426868236802" rotation="0"/></localToWorld><styleClasses><array><token value="poly5"/></array></styleClasses><width><double value="362.9999383937992"/></width><height><double value="267.99994659801075"/></height></zSquare><zText><id><string value="34_66715135"/></id><text><text><width>-157.728</width><p><span><![CDATA[shaw payments]]></span></p></text></text><localToWorld><transform2D x="-12343.787720148364" y="5840.352798751252" scale="0.6184182606421805" rotation="0"/></localToWorld><styleClasses><array><token value="body"/></array></styleClasses></zText><zCircle><id><string value="35_66715135"/></id><radius><double value="146.94978781563685"/></radius><localToWorld><transform2D x="-12431.100000000002" y="5899" scale="0.23999807126689288" rotation="0"/></localToWorld><styleClasses><array><token value="poly3"/></array></styleClasses></zCircle><zCircle><id><string value="36_66715135"/></id><radius><double value="146.94978781563685"/></radius><localToWorld><transform2D x="-12265.050000000003" y="5899.049999999998" scale="0.24003585261808716" rotation="0"/></localToWorld><styleClasses><array><token value="poly3"/></array></styleClasses></zCircle><zText><id><string value="37_66715135"/></id><text><text><width>-99.12</width><p><span><![CDATA[recurring]]></span></p><p><span><![CDATA[payments]]></span></p></text></text><localToWorld><transform2D x="-12429.107375185184" y="5895.169202704238" scale="0.6184182606421806" rotation="0"/></localToWorld><styleClasses><array><token value="body"/></array></styleClasses></zText><zText><id><string value="38_66715135"/></id><text><text><width>-99.12</width><p><span><![CDATA[one time ]]></span></p><p><span><![CDATA[payments]]></span></p></text></text><localToWorld><transform2D x="-12262.95991872962" y="5895.859917965577" scale="0.6184182606421805" rotation="0"/></localToWorld><styleClasses><array><token value="body"/></array></styleClasses></zText><zLine><id><string value="39_66715135"/></id><localToWorld><transform2D x="-12397.300000000003" y="5858.85" scale="0.3571428571428571" rotation="-0.8244955817214779"/></localToWorld><startEndDistance><double value="69.50300508956101"/></startEndDistance><styleClasses><array><token value="line3"/></array></styleClasses></zLine><zLine><id><string value="40_66715135"/></id><localToWorld><transform2D x="-12299.35" y="5858.949999999998" scale="0.35714285714285704" rotation="0.7853981633974481"/></localToWorld><startEndDistance><double value="68.27990430299332"/></startEndDistance><styleClasses><array><token value="line3"/></array></styleClasses></zLine><zSquare><id><string value="41_66715135"/></id><localToWorld><transform2D x="-12334.45" y="5974.301563020113" scale="0.5464389936807729" rotation="0"/></localToWorld><styleClasses><array><token value="poly3"/></array></styleClasses><width><double value="362.9999383937992"/></width><height><double value="114.65602367087892"/></height></zSquare><zText><id><string value="42_66715135"/></id><text><text><width>526.1113732279945</width><p indent="1" listType="bullet"><span><![CDATA[attach payment transactions to correct order]]></span></p><p indent="1" listType="bullet"><span><![CDATA[user should get the appropriate membership and entitlements that they have paid for]]></span></p></text></text><localToWorld><transform2D x="-12334.600000000004" y="5972.05" scale="0.30724035323076365" rotation="0"/></localToWorld><styleClasses><array><token value="body"/></array></styleClasses></zText><zSquare><id><string value="43_66715135"/></id><localToWorld><transform2D x="-12303.600000000002" y="6097.45" scale="0.23421132619527898" rotation="0"/></localToWorld><styleClasses><array><token value="poly5"/></array></styleClasses><width><double value="362.9999383937992"/></width><height><double value="267.99994659801075"/></height></zSquare><zText><id><string value="44_66715135"/></id><text><text><width>158.592</width><p align="right"><span><![CDATA[salesforce system ]]></span></p><p align="right"><span><![CDATA[sync]]></span></p></text></text><localToWorld><transform2D x="-12306.100000000002" y="6094.95" scale="0.38933450053168783" rotation="0"/></localToWorld><styleClasses><array><token value="body"/></array></styleClasses></zText><zArrow><id><string value="45_66715135"/></id><localToWorld><transform2D x="-12260.550906153483" y="5806.362787126995" scale="0.35714285714285704" rotation="-0.6554053083515946"/></localToWorld><startEndDistance><double value="-165.51275160930143"/></startEndDistance><styleClasses><array><token value="line3"/></array></styleClasses></zArrow><zArrow><id><string value="46_66715135"/></id><localToWorld><transform2D x="-12348.40656430013" y="6056.023004255308" scale="0.35714285714285715" rotation="0.5235987755982987"/></localToWorld><startEndDistance><double value="113.50163722441671"/></startEndDistance><styleClasses><array><token value="line3"/></array></styleClasses></zArrow><zLine><id><string value="47_66715135"/></id><localToWorld><transform2D x="-12388.08942937814" y="5933.074508890749" scale="0.3571428571428571" rotation="0.4444677300369153"/></localToWorld><startEndDistance><double value="87.2912603618688"/></startEndDistance><styleClasses><array><token value="line3"/></array></styleClasses></zLine><zLine><id><string value="48_66715135"/></id><localToWorld><transform2D x="-12301.223144536263" y="5931.564509771292" scale="0.35714285714285715" rotation="-0.6554053083515937"/></localToWorld><startEndDistance><double value="-67.10430684569133"/></startEndDistance><styleClasses><array><token value="line3"/></array></styleClasses></zLine><zArrow><id><string value="49_66715135"/></id><localToWorld><transform2D x="-12112.006410224238" y="6520.691161313689" scale="5.714285714285715" rotation="1.0471975511965972"/></localToWorld><startEndDistance><double value="-147.49697435885588"/></startEndDistance><styleClasses><array><token value="line3"/></array></styleClasses></zArrow></array></zObjects></prezi>